GEOCODE,Población,Población. Edad media,Población. Hombres,Población. Mujeres,Población. Índice feminidad,Población de nacionalidad española,Población de nacionalidad extranjera,Población de nacionalidad extranjera (%),Población de 0 a 14 años de edad,Población de 15 a 64 años de edad,Población de 65 o más años de edad,Población de 65 a 74 años de edad,Población de 75 a 84 años de edad,Población de 85 o más años de edad,Población de 0 a 14 años de edad (%),Población de 15 a 64 años de edad (%),Población de 65 o más años de edad (%),Población. Índice de dependencia,Población. Índice de dependencia mayores de 64 años,Población. Índice de dependencia menores de 15 años,Población. Índice de vejez,Población. Índice de juventud,poblacion_indice_sobreenvejecimiento,Población. Índice de ancianidad,Superficie calculada (ha),Población / km2,Población. Extranjeros / km2,Población de 0 a 2 años,Población de 3 a 5 años,Población de 6 a 11 años,Población de 12 a 15 años,Población de 16 a 17 años,Población de 0 a 17 años,Población. Nacidos en Canarias,Población. Nacidos en el resto de España,Población. Nacidos en el extranjero,Población. Nacidos en Canarias (%),Población. Nacidos en el resto de España (%),Población. Nacidos en el extranjero (%)
20040101_35001_D01,5511,40.2,2816,2695,95.7,5307,204,3.7,785,3824,902,528,275,99,14.2,69.4,16.4,44.1,23.6,20.5,114.9,87,11,30.5,4452.6,123.8,4.6,155,132,307,261,120,975,5053,217,241,91.7,3.9,4.4
20040101_35002_D01,24460,34.3,12621,11839,93.8,22626,1834,7.5,4479,18009,1972,1306,536,130,18.3,73.6,8.1,35.8,11,24.9,44,227.1,6.6,27.2,7877.6,310.5,23.3,914,891,1758,1244,605,5412,20934,1358,2168,85.6,5.6,8.9
20040101_35003_D01,6853,34.3,3883,2970,76.5,4958,1895,27.7,1064,5373,416,257,123,36,15.5,78.4,6.1,27.5,7.7,19.8,39.1,255.8,8.7,29.6,24956.1,27.5,7.6,182,220,440,298,129,1269,3418,1393,2042,49.9,20.3,29.8
20040101_35004_D01,21034,35.1,10627,10407,97.9,16881,4153,19.7,3509,15741,1784,960,587,237,16.7,74.8,8.5,33.6,11.3,22.3,50.8,196.7,13.3,32.9,407.7,5158.8,1018.6,738,668,1379,975,571,4331,12672,3905,4457,60.2,18.6,21.2
20040101_35004_D02,30599,33.2,15776,14823,94,25806,4793,15.7,5608,23015,1976,1273,550,153,18.3,75.2,6.5,33,8.6,24.4,35.2,283.8,7.7,27.8,2001.7,1528.7,239.4,1176,1099,2182,1546,804,6807,20915,4479,5205,68.4,14.6,17
20040101_35005_D01,1469,42.3,771,698,90.5,1459,10,0.7,132,1062,275,166,89,20,9,72.3,18.7,38.3,25.9,12.4,208.3,48,7.3,32.4,6641.7,22.1,0.2,17,22,56,49,32,176,1415,28,26,96.3,1.9,1.8
20040101_35006_D01,6631,38.3,3252,3379,103.9,6545,86,1.3,1057,4651,923,553,273,97,15.9,70.1,13.9,42.6,19.8,22.7,87.3,114.5,10.5,29.6,228.1,2907.3,37.7,205,191,412,329,177,1314,6194,262,175,93.4,4,2.6
20040101_35006_D02,3221,39.7,1605,1616,100.7,3207,14,0.4,475,2204,542,380,129,33,14.7,68.4,16.8,46.1,24.6,21.6,114.1,87.6,6.1,23.8,332.7,968.3,4.2,71,87,210,141,70,579,3145,44,32,97.6,1.4,1
20040101_35006_D03,4604,39,2300,2304,100.2,4532,72,1.6,665,3257,682,446,186,50,14.4,70.7,14.8,41.4,20.9,20.4,102.6,97.5,7.3,27.3,447.3,1029.4,16.1,135,112,267,208,113,835,4357,128,119,94.6,2.8,2.6
20040101_35006_D04,4639,37.3,2370,2269,95.7,4562,77,1.7,763,3322,554,317,186,51,16.4,71.6,11.9,39.6,16.7,23,72.6,137.7,9.2,33.6,672,690.3,11.5,141,182,310,181,103,917,4326,189,124,93.3,4.1,2.7
20040101_35006_D05,8855,35.2,4450,4405,99,8781,74,0.8,1681,6336,838,539,245,54,19,71.6,9.5,39.8,13.2,26.5,49.9,200.6,6.4,29.2,491.5,1801.7,15.1,304,339,687,468,213,2011,8459,208,188,95.5,2.3,2.1
20040101_35006_D06,3672,36.4,1895,1777,93.8,3613,59,1.6,642,2668,362,223,117,22,17.5,72.7,9.9,37.6,13.6,24.1,56.4,177.3,6.1,32.3,729.9,503.1,8.1,150,135,238,152,80,755,3361,195,116,91.5,5.3,3.2
20040101_35006_D07,2079,39.6,1086,993,91.4,2063,16,0.8,317,1431,331,212,96,23,15.2,68.8,15.9,45.3,23.1,22.2,104.4,95.8,6.9,29,373.6,556.4,4.3,59,47,144,93,39,382,2013,31,35,96.8,1.5,1.7
20040101_35007_D01,749,41.3,378,371,98.1,672,77,10.3,96,520,133,60,48,25,12.8,69.4,17.8,44,25.6,18.5,138.5,72.2,18.8,36.1,10330.9,7.3,0.7,15,14,50,30,13,122,648,24,77,86.5,3.2,10.3
20040101_35008_D01,2625,37.5,1327,1298,97.8,2597,28,1.1,475,1792,358,220,91,47,18.1,68.3,13.6,46.5,20,26.5,75.4,132.7,13.1,25.4,453.1,579.4,6.2,83,94,186,151,64,578,2510,71,44,95.6,2.7,1.7
20040101_35008_D02,1082,39.2,548,534,97.4,1065,17,1.6,151,787,144,94,32,18,14,72.7,13.3,37.5,18.3,19.2,95.4,104.9,12.5,22.2,476.7,227,3.6,27,30,68,45,20,190,1031,29,22,95.3,2.7,2
20040101_35008_D03,1383,40.8,707,676,95.6,1370,13,0.9,178,970,235,147,70,18,12.9,70.1,17,42.6,24.2,18.4,132,75.7,7.7,29.8,271.9,508.7,4.8,30,38,65,61,34,228,1336,22,25,96.6,1.6,1.8
20040101_35008_D04,1970,38,1021,949,92.9,1946,24,1.2,309,1428,233,142,68,23,15.7,72.5,11.8,38,16.3,21.6,75.4,132.6,9.9,29.2,401.1,491.1,6,51,57,120,106,57,391,1874,57,39,95.1,2.9,2
20040101_35009_D01,22992,38.3,11536,11456,99.3,22795,197,0.9,3546,16222,3224,2017,895,312,15.4,70.6,14,41.7,19.9,21.9,90.9,110,9.7,27.8,6241.9,368.3,3.2,567,554,1538,1200,555,4414,22268,397,327,96.9,1.7,1.4
20040101_35010_D01,4747,40,2447,2300,94,4128,619,13,727,3288,732,425,214,93,15.3,69.3,15.4,44.4,22.3,22.1,100.7,99.3,12.7,29.2,10634.5,44.6,5.8,139,147,304,188,85,863,3631,441,675,76.5,9.3,14.2
20040101_35011_D01,9496,34.6,4784,4712,98.5,9270,226,2.4,1739,6905,852,547,245,60,18.3,72.7,9,37.5,12.3,25.2,49,204.1,7,28.8,2496.7,380.3,9.1,285,326,704,582,291,2188,8941,273,282,94.2,2.9,3
20040101_35011_D02,4852,37.1,2467,2385,96.7,4762,90,1.9,763,3509,580,368,157,55,15.7,72.3,12,38.3,16.5,21.7,76,131.6,9.5,27.1,196.4,2470.7,45.8,137,141,305,255,119,957,4615,118,119,95.1,2.4,2.5
20040101_35011_D03,12509,34.6,6396,6113,95.6,11789,720,5.8,2223,9193,1093,730,286,77,17.8,73.5,8.7,36.1,11.9,24.2,49.2,203.4,7,26.2,1207.9,1035.6,59.6,448,417,872,658,315,2710,11254,412,843,90,3.3,6.7
20040101_35012_D01,15176,36.1,8109,7067,87.2,11060,4116,27.1,2563,11228,1385,918,361,106,16.9,74,9.1,35.2,12.3,22.8,54,185.1,7.7,26.1,17131.6,88.6,24,349,569,1091,734,374,3117,9435,1386,4355,62.2,9.1,28.7
20040101_35013_D01,7825,41.8,3973,3852,97,7781,44,0.6,834,5621,1370,821,419,130,10.7,71.8,17.5,39.2,24.4,14.8,164.3,60.9,9.5,30.6,3219.3,243.1,1.4,49,98,449,330,181,1107,7560,140,125,96.6,1.8,1.6
20040101_35014_D01,15583,33.2,8452,7131,84.4,11049,4534,29.1,2718,12006,859,552,226,81,17.4,77,5.5,29.8,7.2,22.6,31.6,316.4,9.4,26.3,35657.6,43.7,12.7,616,547,1043,685,308,3199,6932,3814,4837,44.5,24.5,31
20040101_35015_D01,1468,35.5,759,709,93.4,1428,40,2.7,264,1054,150,76,58,16,18,71.8,10.2,39.3,14.2,25,56.8,176,10.7,38.7,10899.3,13.5,0.4,44,53,113,69,41,320,1329,83,56,90.5,5.7,3.8
20040101_35015_D02,5306,34.1,3049,2257,74,3340,1966,37.1,682,4367,257,200,40,17,12.9,82.3,4.8,21.5,5.9,15.6,37.7,265.4,6.6,15.6,11807.9,44.9,16.6,170,135,234,178,71,788,1455,1779,2072,27.4,33.5,39.1
20040101_35015_D03,1408,34.3,898,510,56.8,879,529,37.6,52,1326,30,22,7,1,3.7,94.2,2.1,6.2,2.3,3.9,57.7,173.3,3.3,23.3,7655.5,18.4,6.9,16,7,21,10,7,61,148,701,559,10.5,49.8,39.7
20040101_35015_D04,8639,31.6,4784,3855,80.6,6575,2064,23.9,1375,7035,229,164,51,14,15.9,81.4,2.7,22.8,3.3,19.5,16.7,600.4,6.1,22.3,8074.9,107,25.6,286,295,510,385,176,1652,3379,2995,2265,39.1,34.7,26.2
20040101_35016_D01,49865,38.5,24597,25268,102.7,48801,1064,2.1,7701,34998,7166,4480,2095,591,15.4,70.2,14.4,42.5,20.5,22,93.1,107.5,8.2,29.2,628,7939.8,169.4,1481,1548,3047,2287,1253,9616,45717,2499,1649,91.7,5,3.3
20040101_35016_D02,40017,38.2,19297,20720,107.4,38368,1649,4.1,6178,28533,5306,3204,1616,486,15.4,71.3,13.3,40.2,18.6,21.7,85.9,116.4,9.2,30.5,395.8,10110.1,416.6,1129,1160,2507,1939,1012,7747,34308,3227,2482,85.7,8.1,6.2
20040101_35016_D03,48654,40.3,23217,25437,109.6,44039,4615,9.5,6258,34909,7487,4153,2505,829,12.9,71.7,15.4,39.4,21.4,17.9,119.6,83.6,11.1,33.5,258,18858.8,1788.8,1237,1321,2464,1654,927,7603,32557,9684,6413,66.9,19.9,13.2
20040101_35016_D04,43254,40,21379,21875,102.3,35217,8037,18.6,5227,32090,5937,3513,1821,603,12.1,74.2,13.7,34.8,18.5,16.3,113.6,88,10.2,30.7,176.4,24520.4,4556.1,986,1067,2032,1523,898,6506,26293,7667,9294,60.8,17.7,21.5
20040101_35016_D05,24447,40.7,12205,12242,100.3,22586,1861,7.6,3215,17064,4168,2512,1272,384,13.2,69.8,17,43.3,24.4,18.8,129.6,77.1,9.2,30.5,1101.6,2219.1,168.9,665,715,1218,857,545,4000,20326,1779,2342,83.1,7.3,9.6
20040101_35016_D06,45367,39.7,21982,23385,106.4,43806,1561,3.4,6636,31253,7478,4405,2427,646,14.6,68.9,16.5,45.2,23.9,21.2,112.7,88.7,8.6,32.5,213.4,21259.3,731.5,1322,1318,2547,1982,1057,8226,40383,2617,2367,89,5.8,5.2
20040101_35016_D07,58792,36.4,28757,30035,104.4,55399,3393,5.8,9461,43324,6007,3627,1869,511,16.1,73.7,10.2,35.7,13.9,21.8,63.5,157.5,8.5,31.1,688.6,8537.4,492.7,2057,1903,3556,2742,1549,11807,47114,6558,5120,80.1,11.2,8.7
20040101_35016_D08,41147,34.3,20588,20559,99.9,40259,888,2.2,8067,29652,3428,2204,923,301,19.6,72.1,8.3,38.8,11.6,27.2,42.5,235.3,8.8,26.9,4168.7,987.1,21.3,1617,1501,3191,2402,1206,9917,38298,1399,1450,93.1,3.4,3.5
20040101_35016_D09,25410,37.6,12597,12813,101.7,24839,571,2.2,3951,18280,3179,1920,907,352,15.5,71.9,12.5,39,17.4,21.6,80.5,124.3,11.1,28.5,2694.5,943,21.2,729,701,1545,1355,757,5087,22910,1505,995,90.2,5.9,3.9
20040101_35017_D01,23754,32.7,12438,11316,91,20522,3232,13.6,4308,18174,1272,748,410,114,18.1,76.5,5.4,30.7,7,23.7,29.5,338.7,9,32.2,2665.8,891.1,121.2,686,988,1711,1218,586,5189,13196,6716,3842,55.6,28.3,16.2
20040101_35017_D02,2167,33.8,1132,1035,91.4,2064,103,4.8,419,1590,158,83,61,14,19.3,73.4,7.3,36.3,9.9,26.4,37.7,265.2,8.9,38.6,8446.6,25.7,1.2,65,87,175,125,51,503,1761,267,139,81.3,12.3,6.4
20040101_35017_D03,2436,35,1279,1157,90.5,2243,193,7.9,441,1747,248,121,87,40,18.1,71.7,10.2,39.4,14.2,25.2,56.2,177.8,16.1,35.1,17988.4,13.5,1.1,75,93,178,123,65,534,1790,413,233,73.5,17,9.6
20040101_35018_D01,6819,35.2,3523,3296,93.6,6088,731,10.7,1286,4920,613,372,172,69,18.9,72.2,9,38.6,12.5,26.1,47.7,209.8,11.3,28.1,3565.5,191.2,20.5,299,243,478,347,165,1532,5389,619,811,79,9.1,11.9
20040101_35018_D02,10065,31.4,5166,4899,94.8,8256,1809,18,1954,7790,321,212,78,31,19.4,77.4,3.2,29.2,4.1,25.1,16.4,608.7,9.7,24.3,528.7,1903.8,342.2,461,387,781,450,213,2292,4163,3752,2150,41.4,37.3,21.4
20040101_35019_D01,2094,43.5,1114,980,88,1975,119,5.7,240,1383,471,276,136,59,11.5,66,22.5,51.4,34.1,17.4,196.2,51,12.5,28.9,10870.5,19.3,1.1,42,39,104,81,38,304,1937,27,130,92.5,1.3,6.2
20040101_35019_D02,4766,35.9,2410,2356,97.8,4598,168,3.5,794,3497,475,326,112,37,16.7,73.4,10,36.3,13.6,22.7,59.8,167.2,7.8,23.6,5806.3,82.1,2.9,135,135,337,254,126,987,4421,149,196,92.8,3.1,4.1
20040101_35019_D03,27875,35.9,14790,13085,88.5,19656,8219,29.5,4335,21678,1862,1307,474,81,15.6,77.8,6.7,28.6,8.6,20,43,232.8,4.4,25.5,6578.7,423.7,124.9,729,707,1840,1395,690,5361,14678,4072,9125,52.7,14.6,32.7
20040101_35019_D04,9420,34.6,4777,4643,97.2,8088,1332,14.1,1707,6979,734,499,185,50,18.1,74.1,7.8,35,10.5,24.5,43,232.6,6.8,25.2,9999.1,94.2,13.3,336,308,688,485,279,2096,7244,655,1521,76.9,7,16.1
20040101_35020_D01,7988,38.6,4036,3952,97.9,7801,187,2.3,1265,5467,1256,785,363,108,15.8,68.4,15.7,46.1,23,23.1,99.3,100.7,8.6,28.9,12351.7,64.7,1.5,154,250,533,441,186,1564,7650,127,211,95.8,1.6,2.6
20040101_35021_D01,5630,38.5,2750,2880,104.7,5462,168,3,868,4006,756,453,219,84,15.4,71.2,13.4,40.5,18.9,21.7,87.1,114.8,11.1,29,603.7,932.6,27.8,125,171,380,264,126,1066,5107,278,245,90.7,4.9,4.4
20040101_35021_D02,3635,38,1853,1782,96.2,3565,70,1.9,582,2567,486,291,150,45,16,70.6,13.4,41.6,18.9,22.7,83.5,119.8,9.3,30.9,787.7,461.5,8.9,89,117,235,184,91,716,3449,84,102,94.9,2.3,2.8
20040101_35021_D03,7301,36.9,3687,3614,98,6908,393,5.4,1147,5501,653,413,187,53,15.7,75.3,8.9,32.7,11.9,20.9,56.9,175.7,8.1,28.6,797,916,49.3,146,243,481,378,214,1462,6062,676,563,83,9.3,7.7
20040101_35021_D04,2033,35.9,1002,1031,102.9,1962,71,3.5,380,1454,199,137,46,16,18.7,71.5,9.8,39.8,13.7,26.1,52.4,191,8,23.1,194.7,1044.1,36.5,60,84,149,117,42,452,1725,207,101,84.8,10.2,5
20040101_35022_D01,910,43.2,458,452,98.7,871,39,4.3,105,607,198,116,64,18,11.5,66.7,21.8,49.9,32.6,17.3,188.6,53,9.1,32.3,3051.6,29.8,1.3,15,25,46,24,17,127,852,19,39,93.6,2.1,4.3
20040101_35022_D02,7591,34.7,3859,3732,96.7,7248,343,4.5,1480,5353,758,464,226,68,19.5,70.5,10,41.8,14.2,27.6,51.2,195.3,9,29.8,1203,631,28.5,257,284,603,458,209,1811,6940,235,416,91.4,3.1,5.5
20040101_35022_D03,45319,32.5,23180,22139,95.5,38786,6533,14.4,9109,33414,2796,1833,762,201,20.1,73.7,6.2,35.6,8.4,27.3,30.7,325.8,7.2,27.3,1994.8,2271.9,327.5,1836,1815,3602,2460,1243,10956,34928,3160,7231,77.1,7,16
20040101_35023_D01,14107,39.2,7043,7064,100.3,13960,147,1,2169,9706,2232,1329,667,236,15.4,68.8,15.8,45.3,23,22.3,102.9,97.2,10.6,29.9,4259.8,331.2,3.5,290,420,927,728,339,2704,13551,306,250,96.1,2.2,1.8
20040101_35024_D01,14477,35.5,7462,7015,94,12132,2345,16.2,2553,10648,1276,808,354,114,17.6,73.6,8.8,36,12,24,50,200.1,8.9,27.7,26183.4,55.3,9,488,492,1046,705,335,3066,9629,2313,2535,66.5,16,17.5
20040101_35025_D01,2347,45.4,1220,1127,92.4,2315,32,1.4,170,1682,495,286,132,77,7.2,71.7,21.1,39.5,29.4,10.1,291.2,34.3,15.6,26.7,10386.3,22.6,0.3,5,13,79,104,45,246,2241,63,43,95.5,2.7,1.8
20040101_35026_D01,3257,38.4,1598,1659,103.8,3144,113,3.5,445,2421,391,208,140,43,13.7,74.3,12,34.5,16.2,18.4,87.9,113.8,11,35.8,107,3044.7,105.6,78,83,165,160,81,567,2732,359,166,83.9,11,5.1
20040101_35026_D02,14385,37.8,6979,7406,106.1,13760,625,4.3,2223,10269,1893,1138,555,200,15.5,71.4,13.2,40.1,18.4,21.6,85.2,117.4,10.6,29.3,225.7,6373.6,276.9,457,433,868,609,320,2687,12520,987,878,87,6.9,6.1
20040101_35026_D03,31309,33.4,15913,15396,96.8,30986,323,1,5901,23204,2204,1500,564,140,18.8,74.1,7,34.9,9.5,25.4,37.3,267.7,6.4,25.6,2771.7,1129.6,11.7,1081,1214,2267,1872,1022,7456,29910,840,559,95.5,2.7,1.8
20040101_35026_D04,6515,36.3,3326,3189,95.9,6445,70,1.1,1195,4502,818,521,231,66,18.3,69.1,12.6,44.7,18.2,26.5,68.5,146.1,8.1,28.2,3222.2,202.2,2.2,208,257,467,354,153,1439,6267,155,93,96.2,2.4,1.4
20040101_35026_D05,15638,35.3,7845,7793,99.3,15201,437,2.8,2687,11652,1299,883,324,92,17.2,74.5,8.3,34.2,11.1,23.1,48.3,206.9,7.1,24.9,577,2710.2,75.7,545,588,1021,705,361,3220,13649,1293,696,87.3,8.3,4.5
20040101_35026_D06,23758,35.3,12004,11754,97.9,22971,787,3.3,4311,17042,2405,1440,688,277,18.1,71.7,10.1,39.4,14.1,25.3,55.8,179.3,11.5,28.6,3130.8,758.8,25.1,870,877,1676,1232,606,5261,21317,1346,1095,89.7,5.7,4.6
20040101_35027_D01,12281,39.1,6196,6085,98.2,12099,182,1.5,1820,8613,1848,1166,519,163,14.8,70.1,15,42.6,21.5,21.1,101.5,98.5,8.8,28.1,2579.9,476,7.1,264,382,762,567,242,2217,11675,234,372,95.1,1.9,3
20040101_35028_D01,15788,35.2,8216,7572,92.2,10364,5424,34.4,2689,11974,1125,752,283,90,17,75.8,7.1,31.9,9.4,22.5,41.8,239,8,25.2,6424.8,245.7,84.4,559,551,1063,704,358,3235,7240,2987,5561,45.9,18.9,35.2
20040101_35029_D01,5123,35.6,2702,2421,89.6,4543,580,11.3,868,3773,482,288,134,60,16.9,73.6,9.4,35.8,12.8,23,55.5,180.1,12.4,27.8,13469.6,38,4.3,180,175,357,216,97,1025,3980,489,654,77.7,9.5,12.8
20040101_35030_D01,11623,33.7,6173,5450,88.3,10238,1385,11.9,2178,8528,917,565,261,91,18.7,73.4,7.9,36.3,10.8,25.5,42.1,237.5,9.9,28.5,27617,42.1,5,379,473,881,619,255,2607,7811,2277,1535,67.2,19.6,13.2
20040101_35031_D01,8498,35.7,4348,4150,95.4,8223,275,3.2,1561,6062,875,540,264,71,18.4,71.3,10.3,40.2,14.4,25.8,56.1,178.4,8.1,30.2,3880.1,219,7.1,298,280,620,469,216,1883,7902,254,342,93,3,4
20040101_35032_D01,4082,41.7,2140,1942,90.7,4030,52,1.3,492,2845,745,450,221,74,12.1,69.7,18.3,43.5,26.2,17.3,151.4,66,9.9,29.7,2212.9,184.5,2.3,87,82,214,160,88,631,3898,70,114,95.5,1.7,2.8
20040101_35033_D01,7617,38.5,3956,3661,92.5,7522,95,1.2,1349,5208,1060,611,338,111,17.7,68.4,13.9,46.3,20.4,25.9,78.6,127.3,10.5,31.9,3821.4,199.3,2.5,191,213,688,333,174,1599,7295,173,149,95.8,2.3,2
20040101_35034_D01,8130,34.7,4584,3546,77.4,5862,2268,27.9,1032,6598,500,340,129,31,12.7,81.2,6.2,23.2,7.6,15.6,48.4,206.4,6.2,25.8,21272.5,38.2,10.7,191,225,399,287,147,1249,2947,2731,2452,36.2,33.6,30.2
20040101_38001_D01,30304,34.7,15875,14429,90.9,18832,11472,37.9,5063,23208,2033,1328,536,169,16.7,76.6,6.7,30.6,8.8,21.8,40.2,249,8.3,26.4,10574.2,286.6,108.5,906,1093,2038,1324,574,5935,12366,5276,12662,40.8,17.4,41.8
20040101_38002_D01,1221,47,599,622,103.8,1162,59,4.8,130,753,338,189,111,38,10.6,61.7,27.7,62.2,44.9,17.3,260,38.5,11.2,32.8,2528.8,48.3,2.3,28,28,47,33,19,155,1106,26,89,90.6,2.1,7.3
20040101_38003_D01,1894,40.3,1014,880,86.8,1709,185,9.8,240,1344,310,191,87,32,12.7,71,16.4,40.9,23.1,17.9,129.2,77.4,10.3,28.1,4936.9,38.4,3.7,45,55,104,53,36,293,1522,120,252,80.4,6.3,13.3
20040101_38004_D01,5256,41,2555,2701,105.7,5132,124,2.4,759,3537,960,534,299,127,14.4,67.3,18.3,48.6,27.1,21.5,126.5,79.1,13.2,31.1,3422.9,153.6,3.6,152,155,278,229,119,933,4734,191,331,90.1,3.6,6.3
20040101_38005_D01,7005,40,3645,3360,92.2,6040,965,13.8,1006,4898,1101,676,315,110,14.4,69.9,15.7,43,22.5,20.5,109.4,91.4,10,28.6,17872.5,39.2,5.4,198,204,399,281,151,1233,5624,255,1126,80.3,3.6,16.1
20040101_38006_D01,59395,35.1,30875,28520,92.4,40283,19112,32.2,9527,45505,4363,2938,1110,315,16,76.6,7.3,30.5,9.6,20.9,45.8,218.4,7.2,25.4,8166.5,727.3,234,1453,2162,3846,2714,1277,11452,27218,10552,21625,45.8,17.8,36.4
20040101_38007_D01,2350,45.3,1194,1156,96.8,2237,113,4.8,222,1546,582,295,208,79,9.4,65.8,24.8,52,37.6,14.4,262.2,38.1,13.6,35.7,4359.7,53.9,2.6,37,36,94,77,56,300,2030,26,294,86.4,1.1,12.5
20040101_38008_D01,6847,38.1,3383,3464,102.4,6293,554,8.1,1140,4740,967,563,299,105,16.6,69.2,14.1,44.5,20.4,24.1,84.8,117.9,10.9,30.9,3081.7,222.2,18,242,223,439,300,151,1355,5584,343,920,81.6,5,13.4
20040101_38009_D01,4186,39,2107,2079,98.7,3849,337,8.1,622,2977,587,340,168,79,14.9,71.1,14,40.6,19.7,20.9,94.4,106,13.5,28.6,1435.5,291.6,23.5,120,108,268,173,94,763,3263,335,588,78,8,14
20040101_38010_D01,5301,41.2,2735,2566,93.8,5059,242,4.6,705,3662,934,534,292,108,13.3,69.1,17.6,44.8,25.5,19.3,132.5,75.5,11.6,31.3,6648.8,79.7,3.6,143,127,268,224,127,889,4653,108,540,87.8,2,10.2
20040101_38011_D01,12988,36,6489,6499,100.2,11661,1327,10.2,2202,9507,1279,859,334,86,17,73.2,9.8,36.6,13.5,23.2,58.1,172.2,6.7,26.1,482.7,2690.9,274.9,426,464,878,562,295,2625,8707,2183,2098,67,16.8,16.2
20040101_38011_D02,6209,39.5,3107,3102,99.8,5974,235,3.8,948,4323,938,594,264,80,15.3,69.6,15.1,43.6,21.7,21.9,98.9,101.1,8.5,28.1,4446.9,139.6,5.3,149,168,422,283,146,1168,5457,303,449,87.9,4.9,7.2
20040101_38012_D01,2704,44.4,1393,1311,94.1,2611,93,3.4,281,1801,622,338,228,56,10.4,66.6,23,50.1,34.5,15.6,221.4,45.2,9,36.7,4590.6,58.9,2,53,55,121,77,31,337,2436,78,190,90.1,2.9,7
20040101_38013_D01,3533,41.7,1790,1743,97.4,3089,444,12.6,509,2354,670,356,211,103,14.4,66.6,19,50.1,28.5,21.6,131.6,76,15.4,31.5,7909.2,44.7,5.6,102,92,207,146,74,621,2500,205,828,70.8,5.8,23.4
20040101_38013_D02,1698,44.3,861,837,97.2,1528,170,10,200,1111,387,215,124,48,11.8,65.4,22.8,52.8,34.8,18,193.5,51.7,12.4,32,8519.7,19.9,2,28,45,84,57,36,250,1249,61,388,73.6,3.6,22.9
20040101_38014_D01,1877,43.2,968,909,93.9,1786,91,4.8,235,1236,406,182,170,54,12.5,65.8,21.6,51.9,32.8,19,172.8,57.9,13.3,41.9,5606.7,33.5,1.6,44,39,105,74,31,293,1646,68,163,87.7,3.6,8.7
20040101_38015_D01,2833,42.4,1418,1415,99.8,2681,152,5.4,311,1991,531,299,176,56,11,70.3,18.7,42.3,26.7,15.6,170.7,58.6,10.5,33.1,272,1041.7,55.9,65,56,126,102,66,415,2436,119,278,86,4.2,9.8
20040101_38015_D02,2838,40.9,1388,1450,104.5,2621,217,7.6,376,1986,476,273,149,54,13.2,70,16.8,42.9,24,18.9,126.6,79,11.3,31.3,2637.9,107.6,8.2,63,74,142,126,83,488,2382,34,422,83.9,1.2,14.9
20040101_38016_D01,768,48.9,415,353,85.1,722,46,6,74,458,236,113,84,39,9.6,59.6,30.7,67.7,51.5,16.2,318.9,31.4,16.5,35.6,5900.8,13,0.8,9,16,24,33,11,93,658,28,82,85.7,3.6,10.7
20040101_38016_D02,1180,45.9,594,586,98.7,998,182,15.4,144,722,314,152,117,45,12.2,61.2,26.6,63.4,43.5,19.9,218.1,45.9,14.3,37.3,4355.2,27.1,4.2,21,26,62,46,27,182,924,44,212,78.3,3.7,18
20040101_38017_D01,30769,34.7,15961,14808,92.8,24159,6610,21.5,5261,22969,2539,1589,702,248,17.1,74.6,8.3,34,11.1,22.9,48.3,207.2,9.8,27.6,16284.1,189,40.6,938,1087,2099,1508,764,6396,19075,4436,7258,62,14.4,23.6
20040101_38018_D01,5372,40.2,2634,2738,103.9,5227,145,2.7,739,3763,870,515,266,89,13.8,70,16.2,42.8,23.1,19.6,117.7,84.9,10.2,30.6,2399.3,223.9,6,135,129,273,270,141,948,5004,45,323,93.1,0.8,6
20040101_38019_D01,17816,36,8986,8830,98.3,14972,2844,16,3154,12751,1911,1203,546,162,17.7,71.6,10.7,39.7,15,24.7,60.6,165,8.5,28.6,14642.6,121.7,19.4,589,660,1227,909,457,3842,13254,1034,3528,74.4,5.8,19.8
20040101_38020_D01,12214,38.8,6027,6187,102.7,11746,468,3.8,1768,8720,1726,1047,510,169,14.5,71.4,14.1,40.1,19.8,20.3,97.6,102.4,9.8,29.5,2625.1,465.3,17.8,285,369,690,575,276,2195,10705,563,946,87.6,4.6,7.7
20040101_38020_D02,1879,41.6,964,915,94.9,1832,47,2.5,242,1287,350,188,129,33,12.9,68.5,18.6,46,27.2,18.8,144.6,69.1,9.4,36.9,2693.8,69.8,1.7,35,41,104,82,49,311,1747,31,101,93,1.6,5.4
20040101_38020_D03,2241,43.4,1122,1119,99.7,2127,114,5.1,289,1429,523,296,175,52,12.9,63.8,23.3,56.8,36.6,20.2,181,55.3,9.9,33.5,4930.8,45.4,2.3,42,59,118,85,44,348,2012,53,176,89.8,2.4,7.9
20040101_38021_D01,1117,44.9,557,560,100.5,1058,59,5.3,102,766,249,118,91,40,9.1,68.6,22.3,45.8,32.5,13.3,244.1,41,16.1,36.5,1998.1,55.9,3,17,30,28,39,13,127,1013,34,70,90.7,3,6.3
20040101_38021_D02,1059,45.1,545,514,94.3,962,97,9.2,104,716,239,140,76,23,9.8,67.6,22.6,47.9,33.4,14.5,229.8,43.5,9.6,31.8,1930.7,54.9,5,13,25,44,29,16,127,918,23,118,86.7,2.2,11.1
20040101_38022_D01,7739,39.4,3735,4004,107.2,7260,479,6.2,1094,5529,1116,657,364,95,14.1,71.4,14.4,40,20.2,19.8,102,98,8.5,32.6,308.2,2511.1,155.4,181,217,424,359,205,1386,6388,269,1082,82.5,3.5,14
20040101_38022_D02,3254,38.2,1640,1614,98.4,3055,199,6.1,511,2305,438,260,154,24,15.7,70.8,13.5,41.2,19,22.2,85.7,116.7,5.5,35.2,3005,108.3,6.6,86,92,210,169,95,652,2925,14,315,89.9,0.4,9.7
20040101_38022_D03,5390,38.1,2708,2682,99,5121,269,5,827,3859,704,438,218,48,15.3,71.6,13.1,39.7,18.2,21.4,85.1,117.5,6.8,31,5333.2,101.1,5,149,156,323,277,138,1043,4884,42,464,90.6,0.8,8.6
20040101_38022_D04,4983,38.1,2457,2526,102.8,4677,306,6.1,832,3471,680,431,200,49,16.7,69.7,13.6,43.6,19.6,24,81.7,122.4,7.2,29.4,609.2,818,50.2,131,146,339,280,138,1034,4377,60,546,87.8,1.2,11
20040101_38022_D05,2657,38,1379,1278,92.7,2351,306,11.5,425,1896,336,216,97,23,16,71.4,12.6,40.1,17.7,22.4,79.1,126.5,6.8,28.9,263.4,1008.7,116.2,64,89,169,134,63,519,2107,98,452,79.3,3.7,17
20040101_38023_D01,41075,39,19962,21113,105.8,39588,1487,3.6,4934,30881,5260,3059,1641,560,12,75.2,12.8,33,17,16,106.6,93.8,10.6,31.2,1362.9,3013.8,109.1,352,986,2335,1713,1040,6426,34999,3471,2605,85.2,8.5,6.3
20040101_38023_D02,30320,37.7,14888,15432,103.7,28466,1854,6.1,4234,22586,3500,2174,1013,313,14,74.5,11.5,34.2,15.5,18.7,82.7,121,8.9,28.9,1148.5,2640,161.4,303,749,1990,1574,798,5414,24953,2004,3363,82.3,6.6,11.1
20040101_38023_D03,34173,36.8,16957,17216,101.5,32457,1716,5,5002,25799,3372,2069,1008,295,14.6,75.5,9.9,32.5,13.1,19.4,67.4,148.3,8.7,29.9,790.1,4325.4,217.2,337,1036,2354,1753,952,6432,29448,1711,3014,86.2,5,8.8
20040101_38023_D04,9628,38.6,4840,4788,98.9,9428,200,2.1,1258,7198,1172,730,348,94,13.1,74.8,12.2,33.8,16.3,17.5,93.2,107.3,8,29.7,1742.6,552.5,11.5,72,213,597,498,276,1656,8874,345,409,92.2,3.6,4.2
20040101_38023_D05,16881,39.9,8412,8469,100.7,16137,744,4.4,2096,12228,2557,1582,774,201,12.4,72.4,15.1,38.1,20.9,17.1,122,82,7.9,30.3,2945.4,573.1,25.3,161,409,997,744,394,2705,15412,455,1014,91.3,2.7,6
20040101_38023_D06,5237,38.8,2600,2637,101.4,5142,95,1.8,728,3814,695,454,188,53,13.9,72.8,13.3,37.3,18.2,19.1,95.5,104.7,7.6,27.1,2267.9,230.9,4.2,45,129,350,277,130,931,4803,188,246,91.7,3.6,4.7
20040101_38024_D01,11945,38.3,5896,6049,102.6,10947,998,8.4,1902,8303,1740,960,582,198,15.9,69.5,14.6,43.9,21,22.9,91.5,109.3,11.4,33.4,617.7,1933.8,161.6,280,354,819,594,303,2350,9517,665,1763,79.7,5.6,14.8
20040101_38024_D02,2541,39.1,1257,1284,102.1,2455,86,3.4,422,1672,447,250,153,44,16.6,65.8,17.6,52,26.7,25.2,105.9,94.4,9.8,34.2,365.9,694.5,23.5,57,97,167,126,54,501,2241,88,212,88.2,3.5,8.3
20040101_38024_D03,5173,40.7,2570,2603,101.3,4234,939,18.2,774,3558,841,466,273,102,15,68.8,16.3,45.4,23.6,21.8,108.7,92,12.1,32.5,2594.2,199.4,36.2,114,146,340,238,107,945,3798,171,1204,73.4,3.3,23.3
20040101_38025_D01,7587,38,3830,3757,98.1,7126,461,6.1,1149,5432,1006,615,293,98,15.1,71.6,13.3,39.7,18.5,21.2,87.6,114.2,9.7,29.1,1390.8,545.5,33.1,221,224,457,354,197,1453,6770,168,649,89.2,2.2,8.6
20040101_38026_D01,5771,40,2766,3005,108.6,5494,277,4.8,843,4017,911,484,307,120,14.6,69.6,15.8,43.7,22.7,21,108.1,92.5,13.2,33.7,109.3,5278.4,253.4,154,174,341,247,137,1053,4805,457,509,83.3,7.9,8.8
20040101_38026_D02,5777,38.9,2842,2935,103.3,5596,181,3.1,866,4086,825,494,263,68,15,70.7,14.3,41.4,20.2,21.2,95.3,105,8.2,31.9,91.2,6335.5,198.5,159,179,361,214,110,1023,5249,151,377,90.9,2.6,6.5
20040101_38026_D03,9711,38.2,4816,4895,101.6,9142,569,5.9,1548,6911,1252,789,354,109,15.9,71.2,12.9,40.5,18.1,22.4,80.9,123.6,8.7,28.3,921.4,1053.9,61.8,245,317,636,477,263,1938,8555,304,852,88.1,3.1,8.8
20040101_38026_D04,6190,35.9,3048,3142,103.1,5665,525,8.5,1101,4509,580,368,163,49,17.8,72.8,9.4,37.3,12.9,24.4,52.7,189.8,8.4,28.1,577.2,1072.4,91,213,239,441,290,110,1293,5016,378,796,81,6.1,12.9
20040101_38026_D05,6956,37,3469,3487,100.5,6861,95,1.4,1129,4999,828,554,213,61,16.2,71.9,11.9,39.1,16.6,22.6,73.3,136.4,7.4,25.7,597.3,1164.6,15.9,188,247,436,349,184,1404,6678,70,208,96,1,3
20040101_38026_D06,5504,34.2,2818,2686,95.3,5441,63,1.1,1097,3875,532,327,163,42,19.9,70.4,9.7,42,13.7,28.3,48.5,206.2,7.9,30.6,18787.5,29.3,0.3,179,177,472,358,177,1363,5380,27,97,97.7,0.5,1.8
20040101_38027_D01,1348,41.1,689,659,95.6,1153,195,14.5,198,894,256,133,97,26,14.7,66.3,19,50.8,28.6,22.1,129.3,77.3,10.2,37.9,4009.2,33.6,4.9,37,34,84,59,38,252,1044,41,263,77.4,3,19.5
20040101_38027_D02,2041,38.7,1017,1024,100.7,1938,103,5,308,1427,306,141,123,42,15.1,69.9,15,43,21.4,21.6,99.4,100.7,13.7,40.2,493.7,413.4,20.9,64,54,131,91,60,400,1743,92,206,85.4,4.5,10.1
20040101_38027_D03,2523,42.2,1270,1253,98.7,2169,354,14,338,1705,480,265,163,52,13.4,67.6,19,48,28.2,19.8,142,70.4,10.8,34,4911.5,51.4,7.2,48,58,153,98,46,403,1976,70,477,78.3,2.8,18.9
20040101_38027_D04,1306,42.5,691,615,89,1076,230,17.6,184,885,237,133,65,39,14.1,67.8,18.1,47.6,26.8,20.8,128.8,77.6,16.5,27.4,4144.3,31.5,5.5,31,40,71,50,33,225,1000,22,284,76.6,1.7,21.7
20040101_38028_D01,6763,44.3,3230,3533,109.4,4377,2386,35.3,712,4701,1350,791,444,115,10.5,69.5,20,43.9,28.7,15.1,189.6,52.7,8.5,32.9,375,1803.3,636.2,121,129,290,240,117,897,2783,1224,2756,41.2,18.1,40.8
20040101_38028_D02,7376,41.4,3619,3757,103.8,6145,1231,16.7,941,5198,1237,762,364,111,12.8,70.5,16.8,41.9,23.8,18.1,131.5,76.1,9,29.4,172.8,4267.8,712.3,171,179,381,278,147,1156,4842,946,1588,65.6,12.8,21.5
20040101_38028_D03,7916,41.2,3833,4083,106.5,7315,601,7.6,879,5752,1285,791,385,109,11.1,72.7,16.2,37.6,22.3,15.3,146.2,68.4,8.5,30,64.8,12214.6,927.4,146,135,378,291,174,1124,6308,770,838,79.7,9.7,10.6
20040101_38028_D04,8033,40.3,3899,4134,106,7535,498,6.2,1078,5579,1376,721,429,226,13.4,69.5,17.1,44,24.7,19.3,127.6,78.3,16.4,31.2,270.6,2968.2,184,198,167,471,373,208,1417,7000,369,664,87.1,4.6,8.3
20040101_38029_D01,1708,43.6,852,856,100.5,1550,158,9.3,172,1190,346,164,129,53,10.1,69.7,20.3,43.5,29.1,14.5,201.2,49.7,15.3,37.3,3074,55.6,5.1,10,34,82,60,47,233,1246,33,429,73,1.9,25.1
20040101_38030_D01,2380,43.3,1179,1201,101.9,2208,172,7.2,298,1564,518,273,175,70,12.5,65.7,21.8,52.2,33.1,19.1,173.8,57.5,13.5,33.8,3492.6,68.1,4.9,62,61,113,79,45,360,2020,72,288,84.9,3,12.1
20040101_38031_D01,11832,35.7,5863,5969,101.8,11336,496,4.2,2213,8404,1215,759,365,91,18.7,71,10.3,40.8,14.5,26.3,54.9,182.1,7.5,30,345,3429.5,143.8,422,407,934,589,278,2630,10258,468,1106,86.7,4,9.3
20040101_38031_D02,4551,39.7,2235,2316,103.6,4325,226,5,679,3158,714,420,227,67,14.9,69.4,15.7,44.1,22.6,21.5,105.2,95.1,9.4,31.8,566.2,803.8,39.9,127,136,251,207,91,812,4169,61,321,91.6,1.3,7.1
20040101_38031_D03,7282,37.7,3582,3700,103.3,7058,224,3.1,1145,5217,920,594,253,73,15.7,71.6,12.6,39.6,17.6,21.9,80.3,124.5,7.9,27.5,404.8,1798.9,55.3,222,208,442,369,184,1425,6686,105,491,91.8,1.4,6.7
20040101_38031_D04,5621,39.6,2811,2810,100,4344,1277,22.7,823,4049,749,480,216,53,14.6,72,13.3,38.8,18.5,20.3,91,109.9,7.1,28.8,189.6,2964.9,673.6,129,174,341,255,121,1020,3644,402,1575,64.8,7.2,28
20040101_38031_D05,3619,38,1760,1859,105.6,3572,47,1.3,581,2497,541,316,182,43,16.1,69,14.9,44.9,21.7,23.3,93.1,107.4,7.9,33.6,1939.8,186.6,2.4,116,110,235,182,95,738,3448,12,159,95.3,0.3,4.4
20040101_38031_D06,2851,34.6,1481,1370,92.5,2815,36,1.3,528,2028,295,192,85,18,18.5,71.1,10.3,40.6,14.5,26,55.9,179,6.1,28.8,1707.7,167,2.1,106,106,217,150,82,661,2757,19,75,96.7,0.7,2.6
20040101_38032_D01,15542,36.2,8121,7421,91.4,14755,787,5.1,2562,11631,1349,892,345,112,16.5,74.8,8.7,33.6,11.6,22,52.7,189.9,8.3,25.6,3931.6,395.3,20,479,528,1013,699,335,3054,11988,2020,1534,77.1,13,9.9
20040101_38033_D01,3471,43.2,1802,1669,92.6,3379,92,2.7,385,2390,696,372,226,98,11.1,68.9,20.1,45.2,29.1,16.1,180.8,55.3,14.1,32.5,1088.7,318.8,8.5,45,77,164,137,71,494,3034,149,288,87.4,4.3,8.3
20040101_38033_D02,1541,46.4,761,780,102.5,1518,23,1.5,118,1033,390,219,122,49,7.7,67,25.3,49.2,37.8,11.4,330.5,30.3,12.6,31.3,3170.9,48.6,0.7,11,28,51,40,30,160,1431,19,91,92.9,1.2,5.9
20040101_38034_D01,5002,39,2489,2513,101,4797,205,4.1,730,3545,727,432,218,77,14.6,70.9,14.5,41.1,20.5,20.6,99.6,100.4,10.6,30,2049.2,244.1,10,135,131,298,219,124,907,4499,80,423,89.9,1.6,8.5
20040101_38035_D01,10802,35.8,5535,5267,95.2,7721,3081,28.5,1942,7901,959,618,255,86,18,73.1,8.9,36.7,12.1,24.6,49.4,202.5,9,26.6,4207,256.8,73.2,334,426,786,506,257,2309,6454,909,3439,59.7,8.4,31.8
20040101_38036_D01,7984,37.4,4046,3938,97.3,7353,631,7.9,1332,5655,997,602,282,113,16.7,70.8,12.5,41.2,17.6,23.6,74.8,133.6,11.3,28.3,11313.5,70.6,5.6,248,270,522,398,196,1634,6602,555,827,82.7,7,10.4
20040101_38037_D01,4785,40.1,2370,2415,101.9,4511,274,5.7,646,3334,805,439,288,78,13.5,69.7,16.8,43.5,24.1,19.4,124.6,80.2,9.7,35.8,54.7,8750.6,501.1,117,126,276,186,92,797,3707,591,487,77.5,12.4,10.2
20040101_38037_D02,5754,39.8,2836,2918,102.9,5501,253,4.4,878,3935,941,517,307,117,15.3,68.4,16.4,46.2,23.9,22.3,107.2,93.3,12.4,32.6,43.8,13134.2,577.5,136,156,381,273,126,1072,4859,386,509,84.4,6.7,8.8
20040101_38037_D03,7318,39.3,3574,3744,104.8,7069,249,3.4,1051,5158,1109,565,376,168,14.4,70.5,15.2,41.9,21.5,20.4,105.5,94.8,15.1,33.9,4221.8,173.3,5.9,176,188,459,331,180,1334,6477,349,492,88.5,4.8,6.7
20040101_38038_D01,16874,40.3,7954,8920,112.1,15714,1160,6.9,2228,12187,2459,1350,796,313,13.2,72.2,14.6,38.5,20.2,18.3,110.4,90.6,12.7,32.4,219.4,7691.5,528.8,371,440,939,667,372,2789,11492,3427,1955,68.1,20.3,11.6
20040101_38038_D02,11864,41.2,5569,6295,113,10785,1079,9.1,1439,8487,1938,966,699,273,12.1,71.5,16.3,39.8,22.8,17,134.7,74.3,14.1,36.1,81.7,14522.7,1320.8,208,238,674,431,231,1782,7937,2227,1700,66.9,18.8,14.3
20040101_38038_D03,22879,39.8,10838,12041,111.1,20921,1958,8.6,3027,16477,3375,1866,1130,379,13.2,72,14.8,38.9,20.5,18.4,111.5,89.7,11.2,33.5,390.4,5859.7,501.5,479,559,1233,1002,533,3806,15581,4158,3140,68.1,18.2,13.7
20040101_38038_D04,15711,41.8,7547,8164,108.2,15084,627,4,2045,10584,3082,1771,950,361,13,67.4,19.6,48.4,29.1,19.3,150.7,66.4,11.7,30.8,103.9,15125.3,603.6,329,335,878,659,363,2564,13790,778,1143,87.8,5,7.3
20040101_38038_D05,21759,42.1,10031,11728,116.9,20375,1384,6.4,2569,15220,3970,2004,1380,586,11.8,69.9,18.2,43,26.1,16.9,154.5,64.7,14.8,34.8,129.7,16776.4,1067.1,388,418,1109,868,465,3248,16038,3263,2458,73.7,15,11.3
20040101_38038_D06,36360,39.4,17610,18750,106.5,34617,1743,4.8,4870,26511,4979,2919,1552,508,13.4,72.9,13.7,37.2,18.8,18.4,102.2,97.8,10.2,31.2,217.1,16747.4,802.8,726,806,2085,1646,902,6165,28809,4158,3393,79.2,11.4,9.3
20040101_38038_D07,12506,39.8,6236,6270,100.5,12236,270,2.2,1664,8937,1905,1156,567,182,13.3,71.5,15.2,39.9,21.3,18.6,114.5,87.3,9.6,29.8,6831.8,183.1,4,254,267,702,600,318,2141,11582,473,451,92.6,3.8,3.6
20040101_38038_D08,1506,45.5,786,720,91.6,1496,10,0.7,138,990,378,216,111,51,9.2,65.7,25.1,52.1,38.2,13.9,273.9,36.5,13.5,29.4,5133.1,29.3,0.2,19,20,71,37,27,174,1460,14,32,96.9,0.9,2.1
20040101_38038_D09,21561,39.9,10529,11032,104.8,21067,494,2.3,3042,14895,3624,2001,1226,397,14.1,69.1,16.8,44.8,24.3,20.4,119.1,83.9,11,33.8,368,5859.3,134.2,493,597,1220,988,547,3845,19560,1027,974,90.7,4.8,4.5
20040101_38038_D10,22215,38.9,10817,11398,105.4,21708,507,2.3,2923,16434,2858,1876,770,212,13.2,74,12.9,35.2,17.4,17.8,97.8,102.3,7.4,26.9,124.2,17888.6,408.3,470,509,1216,975,486,3656,19459,1662,1094,87.6,7.5,4.9
20040101_38038_D11,24849,32.8,12220,12629,103.3,24146,703,2.8,5093,18035,1721,1095,479,147,20.5,72.6,6.9,37.8,9.5,28.2,33.8,295.9,8.5,27.8,649,3828.6,108.3,871,1046,1973,1613,863,6366,22064,1170,1615,88.8,4.7,6.5
20040101_38038_D12,11362,34.6,5660,5702,100.7,11147,215,1.9,2002,8375,985,657,254,74,17.6,73.7,8.7,35.7,11.8,23.9,49.2,203.2,7.5,25.8,810.7,1401.4,26.5,364,375,787,634,334,2494,10362,440,560,91.2,3.9,4.9
20040101_38039_D01,12237,36.9,6139,6098,99.3,10935,1302,10.6,2067,8779,1391,866,418,107,16.9,71.7,11.4,39.4,15.8,23.5,67.3,148.6,7.7,30.1,2256.3,542.3,57.7,408,429,805,569,300,2511,9855,588,1794,80.5,4.8,14.7
20040101_38040_D01,10777,44.3,5426,5351,98.6,5606,5171,48,1259,7254,2264,1442,655,167,11.7,67.3,21,48.6,31.2,17.4,179.8,55.6,7.4,28.9,5142.1,209.6,100.6,218,259,520,357,202,1556,4859,470,5448,45.1,4.4,50.6
20040101_38041_D01,8178,38.4,4074,4104,100.7,7521,657,8,1293,5772,1113,643,375,95,15.8,70.6,13.6,41.7,19.3,22.4,86.1,116.2,8.5,33.7,1824.4,448.3,36,197,257,542,393,207,1596,6958,369,851,85.1,4.5,10.4
20040101_38042_D01,5547,43.9,2773,2774,100,4841,706,12.7,667,3617,1263,751,364,148,12,65.2,22.8,53.4,34.9,18.4,189.4,52.8,11.7,28.8,2457.4,225.7,28.7,101,131,258,224,106,820,4539,104,904,81.8,1.9,16.3
20040101_38043_D01,21986,37.4,11049,10937,99,21289,697,3.2,3568,15751,2667,1626,798,243,16.2,71.6,12.1,39.6,16.9,22.7,74.7,133.8,9.1,29.9,3007.3,731.1,23.2,729,674,1406,1017,510,4336,19870,871,1245,90.4,4,5.7
20040101_38044_D01,3111,40.1,1558,1553,99.7,2951,160,5.1,458,2125,528,330,147,51,14.7,68.3,17,46.4,24.8,21.6,115.3,86.7,9.7,27.8,2402.7,129.5,6.7,81,76,179,168,66,570,2670,37,404,85.8,1.2,13
20040101_38045_D01,5797,42.4,2921,2876,98.5,5480,317,5.5,735,3902,1160,610,385,165,12.7,67.3,20,48.6,29.7,18.8,157.8,63.4,14.2,33.2,1182.4,490.3,26.8,125,140,294,240,117,916,4867,235,695,84,4.1,12
20040101_38046_D01,10165,37.6,5033,5132,102,9998,167,1.6,1627,7287,1251,784,358,109,16,71.7,12.3,39.5,17.2,22.3,76.9,130.1,8.7,28.6,2665.5,381.4,6.3,261,337,651,508,261,2018,9267,419,479,91.2,4.1,4.7
20040101_38047_D01,2666,42.8,1351,1315,97.3,2303,363,13.6,355,1775,536,305,159,72,13.3,66.6,20.1,50.2,30.2,20,151,66.2,13.4,29.7,5372,49.6,6.8,54,74,156,97,63,444,2123,86,457,79.6,3.2,17.1
20040101_38048_D01,4840,41.3,2447,2393,97.8,4406,434,9,684,3244,912,488,299,125,14.1,67,18.8,49.2,28.1,21.1,133.3,75,13.7,32.8,10342.3,46.8,4.2,128,136,269,197,97,827,3739,353,748,77.3,7.3,15.5
20040101_38049_D01,4745,41.4,2414,2331,96.6,3446,1299,27.4,575,3393,777,453,234,90,12.1,71.5,16.4,39.8,22.9,16.9,135.1,74,11.6,30.1,3175.2,149.4,40.9,116,99,246,150,94,705,3073,160,1512,64.8,3.4,31.9
20040101_38050_D01,2322,47.1,1179,1143,96.9,2177,145,6.2,253,1384,685,357,222,106,10.9,59.6,29.5,67.8,49.5,18.3,270.8,36.9,15.5,32.4,6616.1,35.1,2.2,34,49,112,81,40,316,2058,44,220,88.6,1.9,9.5
20040101_38050_D03,878,47.2,442,436,98.6,821,57,6.5,63,581,234,141,68,25,7.2,66.2,26.7,51.1,40.3,10.8,371.4,26.9,10.7,29.1,4261,20.6,1.3,11,6,35,17,11,80,802,5,71,91.3,0.6,8.1
20040101_38051_D01,8350,38.1,4158,4192,100.8,8050,300,3.6,1312,5885,1153,732,347,74,15.7,70.5,13.8,41.9,19.6,22.3,87.9,113.8,6.4,30.1,1823.5,457.9,16.5,238,248,532,399,220,1637,7716,129,505,92.4,1.5,6
20040101_38052_D01,1895,40.4,978,917,93.8,1687,208,11,293,1275,327,164,120,43,15.5,67.3,17.3,48.6,25.6,23,111.6,89.6,13.1,36.7,5642.2,33.6,3.7,43,60,123,92,34,352,1548,75,272,81.7,4,14.4
20040101_38053_D01,4777,42.5,2418,2359,97.6,4391,386,8.1,699,3093,985,474,341,170,14.6,64.7,20.6,54.4,31.8,22.6,140.9,71,17.3,34.6,7033.3,67.9,5.5,90,125,316,225,102,858,3912,154,711,81.9,3.2,14.9
